Date,News Sentiment on Date,News Subjectivity on Day,News Sentiment Value,News Subjectivity value,total_tweets,retweets_sum,tweets_favourites_sum
2003-07-10,Neutral,Objective,0,0,,,
2003-07-14,Neutral,Objective,0,0,,,
2003-07-16, Highly Positive,Slightly Subjective,0.7,0.6,,,
2003-07-29,Neutral,Objective,0,0,,,
2003-08-05,Neutral,Objective,0,0,,,
2003-08-11,Neutral,Objective,0,0,,,
2003-09-10,Neutral,Objective,0,0,,,
2003-09-30,Neutral,Objective,0,0,,,
2003-10-21, Slightly Positive,Objective,0.15,0.1,,,
2003-10-27,Neutral,Objective,0,0,,,
2003-11-06,Neutral,Objective,0,0,,,
2003-11-08,Neutral,Objective,0,0,,,
2003-11-13,Neutral,Objective,0,0,,,
2003-12-01,Neutral,Objective,0,0,,,
2003-12-10,Neutral,Objective,0,0,,,
2003-12-20,Neutral,Objective,0,0,,,
2003-12-30,Neutral,Objective,0,0,,,
2004-01-10,Neutral,Objective,0,0,,,
2004-01-19,Neutral,Slightly Subjective,0.0625,0.5,,,
2004-01-23,Neutral,Objective,0,0,,,
2004-01-28,Neutral,Objective,0,0,,,
2004-02-16,Neutral,Objective,0,0,,,
2004-03-24,Neutral,Objective,0,0,,,
2004-04-14,Neutral,Objective,0,0,,,
2004-04-20,Neutral,Objective,0,0,,,
2004-05-11,Neutral,Objective,0,0,,,
2004-06-05,Neutral,Objective,0,0,,,
2004-06-15,Neutral,Objective,0,0,,,
2004-06-16,Neutral,Objective,0,0,,,
2004-06-17,Neutral,Objective,0,0,,,
2004-06-19, Slightly Positive,Slightly Subjective,0.136363636,0.454545455,,,
2004-06-28,Neutral,Objective,0,0,,,
2004-07-06,Neutral,Objective,0,0,,,
2004-07-07,Neutral,Objective,0,0,,,
2004-07-13,Neutral,Highly Subjective,0,0.316666667,,,
2004-07-14,Neutral,Objective,0,0,,,
2004-07-16,Neutral,Objective,0,0,,,
2004-07-20,Neutral,Objective,0,0,,,
2004-07-21,Neutral,Objective,0,0,,,
2004-07-22,Neutral,Objective,0,0,,,
2004-07-23,Neutral,Objective,0,0,,,
2004-07-24, Highly Negative,Slightly Subjective,-0.5,0.5,,,
2004-07-26,Positive,Slightly Subjective,0.4,0.5,,,
2004-07-27,Neutral,Objective,0,0,,,
2004-07-28,Neutral,Objective,0,0,,,
2004-07-29,Neutral,Objective,0,0,,,
2004-07-30, Slightly Positive,Slightly Subjective,0.35,0.65,,,
2004-07-31,Neutral,Objective,0,0,,,
2004-08-02,Neutral,Objective,0,0,,,
2004-08-05,Neutral,Objective,0,0.1,,,
2004-08-06,Neutral,Objective,0,0,,,
2004-08-07,Neutral,Objective,0,0,,,
2004-08-09,Neutral,Objective,0,0,,,
2004-08-11,Neutral,Objective,0,0,,,
2004-08-12, Highly Positive,Slightly Subjective,0.7,0.6,,,
2004-08-20,Neutral,Objective,0,0,,,
2004-08-25,Neutral,Objective,0,0,,,
2004-08-26,Neutral,Objective,0,0,,,
2004-08-27,Neutral,Objective,0,0,,,
2004-08-28,Neutral,Objective,0,0,,,
2004-08-31,Neutral,Objective,0,0,,,
2004-09-04,Neutral,Objective,0,0,,,
2004-09-08,Neutral,Objective,0,0,,,
2004-09-09,Neutral,Objective,0,0,,,
2004-09-10,Neutral,Objective,0,0,,,
2004-09-13,Neutral,Objective,0,0,,,
2004-09-22, Highly Negative,Slightly Subjective,-0.8,1,,,
2004-10-01,Positive,Slightly Subjective,0.4,0.9,,,
2004-10-09,Neutral,Objective,0,0,,,
2004-10-11,Neutral,Objective,0,0.066666667,,,
2004-10-13,Negative,Highly Subjective,-0.1,0.2,,,
2004-10-14,Neutral,Highly Subjective,0.066666667,0.208333333,,,
2004-10-15,Neutral,Objective,0,0,,,
2004-10-16,Negative,Objective,-0.05,0,,,
2004-10-22,Neutral,Objective,0,0,,,
2004-10-23,Neutral,Objective,0,0,,,
2004-10-25,Neutral,Objective,0,0,,,
2004-10-26,Neutral,Objective,0,0,,,
2004-10-27,Neutral,Objective,0,0,,,
2004-11-02,Neutral,Objective,0,0,,,
2004-11-03,Neutral,Objective,0,0,,,
2004-11-05,Negative,Slightly Subjective,-0.2,0.4,,,
2004-11-06,Negative,Highly Subjective,-0.1,0.2,,,
2004-11-09,Neutral,Objective,0,0,,,
2004-11-10,Neutral,Objective,0,0,,,
2004-11-13,Neutral,Objective,0,0,,,
2004-11-16,Neutral,Objective,0,0,,,
2004-11-18,Neutral,Objective,0,0,,,
2004-11-19,Negative,Slightly Subjective,-0.2,0.4,,,
2004-11-22,Positive,Slightly Subjective,0.5,1,,,
2004-11-27,Neutral,Objective,0,0,,,
2004-12-06,Positive,Slightly Subjective,0.5,0.5,,,
2004-12-07,Neutral,Objective,0,0,,,
2004-12-09,Neutral,Objective,0,0,,,
2004-12-11, Highly Positive,Highly Subjective,1,0.3,,,
2004-12-13,Neutral,Objective,0,0,,,
2004-12-14,Neutral,Objective,0,0,,,
2004-12-17, Highly Positive,Highly Subjective,1,0.3,,,
2004-12-21,Neutral,Objective,0,0,,,
2004-12-22,Neutral,Objective,0,0,,,
2004-12-24,Neutral,Objective,0,0,,,
2005-01-14,Neutral,Objective,0,0,,,
2005-01-19,Neutral,Objective,0,0,,,
2005-01-20,Neutral,Objective,0,0,,,
2005-02-10,Neutral,Highly Subjective,0.018666667,0.396333333,,,
2005-02-15,Neutral,Objective,0,0,,,
2005-02-16,Neutral,Objective,0,0,,,
2005-02-24,Neutral,Objective,0,0,,,
2005-02-25,Neutral,Objective,0,0,,,
2005-03-07,Neutral,Objective,0,0,,,
2005-03-15,Neutral,Objective,0,0,,,
2005-03-22,Negative,Objective,-0.125,0.125,,,
2005-03-28,Neutral,Objective,0,0,,,
2005-04-20,Neutral,Highly Subjective,0,0.2,,,
2005-04-21,Neutral,Objective,0,0,,,
2005-04-25,Neutral,Objective,0,0,,,
2005-05-03,Neutral,Objective,0,0,,,
2005-05-10,Neutral,Objective,0,0,,,
2005-05-17,Neutral,Objective,0,0,,,
2005-05-19,Neutral,Slightly Subjective,0,1,,,
2005-05-23,Neutral,Objective,0,0,,,
2005-05-28,Neutral,Objective,0,0,,,
2005-06-01,Neutral,Objective,0,0,,,
2005-06-08, Slightly Positive,Highly Subjective,0.107142857,0.321428571,,,
2005-06-16,Neutral,Objective,0,0,,,
2005-06-17,Positive,Slightly Subjective,0.5,0.5,,,
2005-06-22,Neutral,Objective,0,0,,,
2005-06-28,Neutral,Objective,0,0,,,
2005-06-30, Highly Negative,Slightly Subjective,-0.8,1,,,
2005-07-01,Neutral,Objective,0,0,,,
2005-07-05,Neutral,Objective,0,0,,,
2005-07-06,Neutral,Objective,0,0,,,
2005-07-11, Highly Negative,Slightly Subjective,-1,1,,,
2005-07-12,Neutral,Objective,0,0,,,
2005-07-13,Neutral,Objective,0,0,,,
2005-07-14,Neutral,Objective,0,0,,,
2005-07-16,Neutral,Objective,0,0,,,
2005-07-18,Neutral,Objective,0,0,,,
2005-07-19,Neutral,Objective,0,0,,,
2005-07-20, Slightly Positive,Highly Subjective,0.25,0.25,,,
2005-07-28,Neutral,Objective,0,0,,,
2005-08-05,Neutral,Objective,0,0,,,
2005-08-06,Neutral,Objective,0,0,,,
2005-08-11,Neutral,Objective,0,0,,,
2005-08-25,Neutral,Objective,0,0,,,
2005-08-27,Neutral,Highly Subjective,0.095238095,0.369047619,,,
2005-08-29,Neutral,Objective,0,0,,,
2005-08-30,Neutral,Objective,0,0,,,
2005-09-02,Neutral,Objective,0,0,,,
2005-09-06,Neutral,Objective,0,0,,,
2005-09-07,Neutral,Objective,0,0,,,
2005-09-13,Neutral,Objective,0,0,,,
2005-09-20,Neutral,Objective,0,0,,,
2005-09-22,Neutral,Objective,0,0,,,
2005-09-23,Neutral,Objective,0,0,,,
2005-09-24,Neutral,Objective,0,0,,,
2005-09-27, Slightly Positive,Slightly Subjective,0.136363636,0.5,,,
2005-09-29,Neutral,Objective,0,0,,,
2005-09-30,Neutral,Objective,0,0,,,
2005-10-03,Neutral,Objective,0,0,,,
2005-10-05,Neutral,Objective,0,0.1,,,
2005-10-11,Neutral,Objective,0,0,,,
2005-10-13,Neutral,Objective,0,0,,,
2005-10-17,Neutral,Objective,0,0,,,
2005-10-19,Neutral,Objective,0,0,,,
2005-10-21,Negative,Slightly Subjective,-0.2,0.4,,,
2005-10-22,Neutral,Objective,0,0,,,
2005-10-24,Neutral,Objective,0,0,,,
2005-10-26,Neutral,Objective,0,0,,,
2005-10-27,Neutral,Objective,0,0,,,
2005-10-29,Neutral,Objective,0,0.1,,,
2005-10-31,Neutral,Objective,0,0,,,
2005-11-07,Neutral,Objective,0,0,,,
2005-11-09,Negative,Slightly Subjective,-0.2,0.4,,,
2005-11-11,Neutral,Slightly Subjective,0.0625,0.5,,,
2005-11-14,Neutral,Objective,0,0,,,
2005-11-15,Neutral,Slightly Subjective,0.0625,0.5,,,
2005-11-21,Neutral,Objective,0,0,,,
2005-11-23,Neutral,Objective,0,0,,,
2005-12-07,Neutral,Objective,0,0,,,
2005-12-08,Neutral,Objective,0,0,,,
2005-12-09,Neutral,Objective,0,0,,,
2005-12-10,Neutral,Objective,0,0,,,
2005-12-16,Neutral,Objective,0,0,,,
2005-12-19,Neutral,Objective,0,0,,,
2005-12-21,Neutral,Objective,0,0,,,
2005-12-28,Neutral,Objective,0,0,,,
2005-12-30,Neutral,Objective,0,0,,,
2006-01-02, Slightly Positive,Slightly Subjective,0.136363636,0.454545455,,,
2006-01-04,Neutral,Objective,0,0,,,
2006-01-06,Neutral,Objective,0,0,,,
2006-01-13,Neutral,Objective,0,0,,,
2006-01-19,Neutral,Objective,0,0,,,
2006-01-21,Neutral,Objective,0,0,,,
2006-01-24,Neutral,Objective,0,0,,,
2006-01-25,Neutral,Objective,0,0,,,
2006-02-01,Neutral,Objective,0,0,,,
2006-02-12,Neutral,Objective,0,0,,,
2006-02-13,Neutral,Objective,0,0,,,
2006-02-17,Neutral,Objective,0,0,,,
2006-02-28,Neutral,Objective,0,0,,,
2006-03-07,Neutral,Objective,0,0,,,
2006-03-08,Neutral,Objective,0,0,,,
2006-03-10,Neutral,Objective,0,0,,,
2006-03-13,Neutral,Objective,0,0,,,
2006-03-15,Neutral,Objective,0,0,,,
2006-03-17,Neutral,Objective,0,0.05,,,
2006-03-21,Neutral,Objective,0,0,,,
2006-03-23,Neutral,Objective,0,0,,,
2006-03-28,Neutral,Objective,0,0,,,
2006-03-29,Neutral,Objective,0,0,,,
2006-04-18,Neutral,Objective,0.05,0,,,
2006-04-19,Positive,Slightly Subjective,0.433333333,0.733333333,,,
2006-04-24,Neutral,Objective,0,0,,,
2006-04-25,Neutral,Objective,0,0.1,,,
2006-04-26,Neutral,Slightly Subjective,0,0.7,,,
2006-05-01,Neutral,Objective,0,0,,,
2006-05-02,Neutral,Objective,0,0,,,
2006-05-03,Neutral,Objective,0,0,,,
2006-05-20,Neutral,Objective,0,0,,,
2006-05-26,Neutral,Objective,0,0,,,
2006-06-02,Neutral,Objective,0,0,,,
2006-06-12,Neutral,Objective,0,0,,,
2006-06-19,Neutral,Objective,0,0,,,
2006-06-20,Neutral,Objective,0,0,,,
2006-06-21,Neutral,Objective,0,0,,,
2006-06-30,Neutral,Objective,0,0,,,
2006-07-04,Positive,Slightly Subjective,0.5,0.5,,,
2006-07-13,Negative,Highly Subjective,-0.15,0.4,,,
2006-07-18, Slightly Positive,Slightly Subjective,0.136363636,0.454545455,,,
2006-07-19,Neutral,Objective,0,0,,,
2006-07-20,Neutral,Objective,0,0,,,
2006-07-24,Neutral,Objective,0,0,,,
2006-07-25,Neutral,Objective,0,0,,,
2006-07-31,Neutral,Objective,0,0,,,
2006-08-01,Neutral,Slightly Subjective,0.0625,0.5,,,
2006-08-02,Neutral,Objective,0,0,,,
2006-08-04,Neutral,Objective,0,0,,,
2006-08-08,Neutral,Objective,0,0,,,
2006-08-11, Highly Negative,Slightly Subjective,-0.8,1,,,
2006-08-16,Neutral,Objective,0,0,,,
2006-08-21,Neutral,Objective,0,0,,,
2006-08-22,Neutral,Objective,0,0,,,
2006-08-29,Neutral,Objective,0,0,,,
2006-09-05,Neutral,Objective,0,0,,,
2006-09-12,Neutral,Objective,0,0,,,
2006-09-13,Neutral,Objective,0,0,,,
2006-09-28,Neutral,Objective,0,0,,,
2006-09-30, Slightly Positive,Slightly Subjective,0.136363636,0.454545455,,,
2006-10-02,Neutral,Objective,0,0,,,
2006-10-14,Neutral,Objective,0,0,,,
2006-10-17,Neutral,Objective,0,0,,,
2006-10-25,Neutral,Objective,0,0,,,
2006-10-27,Neutral,Objective,0,0,,,
2006-11-02,Neutral,Objective,0,0,,,
2006-11-15,Neutral,Objective,0,0,,,
2006-11-23,Neutral,Objective,0,0,,,
2006-11-25,Neutral,Objective,0,0,,,
2006-11-30,Negative,Slightly Subjective,-0.2,0.4,,,
2006-12-01,Neutral,Objective,0,0,,,
2006-12-07,Neutral,Objective,0,0,,,
2006-12-13,Neutral,Objective,0,0,,,
2006-12-15,Neutral,Objective,0,0,,,
2006-12-16,Neutral,Objective,0,0,,,
2007-01-11,Neutral,Objective,0,0,,,
2007-01-16,Neutral,Objective,0,0,,,
2007-01-17,Neutral,Objective,0,0,,,
2007-02-06,Neutral,Objective,0,0,,,
2007-02-09,Neutral,Objective,0,0,,,
2007-02-14,Neutral,Objective,0,0,,,
2007-03-23, Slightly Positive,Highly Subjective,0.1,0.3,,,
2007-04-03,Neutral,Objective,0,0,,,
2007-04-06,Neutral,Objective,0,0,,,
2007-04-12,Negative,Objective,-0.125,0.125,,,
2007-04-17, Slightly Positive,Highly Subjective,0.216666667,0.366666667,,,
2007-04-21,Neutral,Objective,0,0,,,
2007-04-27,Neutral,Objective,0,0,,,
2007-05-16,Neutral,Objective,0,0,,,
2007-05-18,Neutral,Objective,0,0,,,
2007-06-04,Neutral,Objective,0,0,,,
2007-06-12,Neutral,Objective,0,0,,,
2007-06-18,Neutral,Objective,0,0,,,
2007-06-22, Slightly Positive,Slightly Subjective,0.136363636,0.454545455,,,
2007-06-26, Slightly Positive,Slightly Subjective,0.25,0.5,,,
2007-06-29,Neutral,Objective,0,0,,,
2007-06-30,Neutral,Objective,0,0,,,
2007-07-10,Neutral,Objective,0,0,,,
2007-07-12,Neutral,Objective,0,0,,,
2007-07-17,Positive,Slightly Subjective,0.4,0.7,,,
2007-07-23,Neutral,Objective,0,0,,,
2007-07-24,Positive,Slightly Subjective,0.5,0.5,,,
2007-08-07,Neutral,Objective,0,0,,,
2007-08-22,Neutral,Objective,0,0,,,
2007-08-28,Neutral,Objective,0,0,,,
2007-09-04,Neutral,Objective,0,0,,,
2007-09-07,Positive,Slightly Subjective,0.5,0.5,,,
2007-09-10,Neutral,Objective,0,0.033333333,,,
2007-09-11,Neutral,Objective,0,0,,,
2007-09-21,Neutral,Objective,0,0,,,
2007-09-27,Negative,Highly Subjective,-0.125,0.25,,,
2007-09-29,Neutral,Objective,0,0,,,
2007-10-12,Neutral,Objective,0,0,,,
2007-10-16,Positive,Slightly Subjective,0.5,0.5,,,
2007-10-17,Neutral,Objective,0,0,,,
2007-10-19,Neutral,Objective,0,0,,,
2007-10-20,Neutral,Objective,0,0,,,
2007-10-24,Neutral,Objective,0,0,,,
2007-11-16,Neutral,Objective,0,0,,,
2007-11-24,Negative,Highly Subjective,-0.2,0.3,,,
2007-11-26,Neutral,Objective,0,0,,,
2007-11-30, Slightly Positive,Slightly Subjective,0.214285714,0.642857143,,,
2007-12-05,Neutral,Objective,0,0,,,
2007-12-27,Neutral,Objective,0,0,,,
2007-12-28,Neutral,Objective,0,0,,,
2008-01-05,Neutral,Objective,0.05,0.175,,,
2008-01-12,Neutral,Objective,0,0,,,
2008-01-14,Neutral,Objective,0,0,,,
2008-01-17,Neutral,Objective,0,0,,,
2008-01-19,Neutral,Highly Subjective,0,0.3,,,
2008-01-22,Neutral,Objective,0,0,,,
2008-01-26,Neutral,Objective,0,0,,,
2008-01-31,Neutral,Objective,0,0,,,
2008-02-06,Neutral,Objective,0,0,,,
2008-02-07,Neutral,Objective,0,0,,,
2008-02-08,Neutral,Objective,0,0,,,
2008-02-11, Highly Negative,Slightly Subjective,-0.4,0.6,,,
2008-02-13,Neutral,Objective,0,0,,,
2008-02-15,Neutral,Objective,0,0.1,,,
2008-02-20,Neutral,Objective,0,0,,,
2008-02-21,Neutral,Objective,0,0,,,
2008-02-23, Highly Positive,Highly Subjective,1,0.3,,,
2008-02-25,Neutral,Objective,0,0,,,
2008-03-04,Neutral,Objective,0,0,,,
2008-03-06,Neutral,Objective,0,0.05,,,
2008-03-12,Neutral,Objective,0,0,,,
2008-03-16,Neutral,Objective,0,0,,,
2008-03-22,Neutral,Objective,0,0.1,,,
2008-03-25,Neutral,Objective,0,0,,,
2008-04-03,Neutral,Objective,0,0,,,
2008-04-08,Neutral,Objective,0,0,,,
2008-04-09,Neutral,Objective,0,0,,,
2008-04-16,Neutral,Objective,0,0,,,
2008-04-18,Neutral,Objective,0,0,,,
2008-04-22,Neutral,Objective,0,0,,,
2008-04-23,Neutral,Objective,0,0,,,
2008-04-24, Slightly Positive,Highly Subjective,0.3,0.2,,,
2008-04-27,Neutral,Objective,0,0,,,
2008-04-29,Negative,Slightly Subjective,-0.2,0.4,,,
2008-05-05,Neutral,Objective,0,0,,,
2008-05-09,Neutral,Objective,0,0,,,
2008-05-27,Neutral,Objective,0,0,,,
2008-05-29, Slightly Positive,Slightly Subjective,0.25,0.85,,,
2008-06-04,Neutral,Objective,0,0,,,
2008-06-09,Neutral,Objective,0,0,,,
2008-06-10,Neutral,Objective,0,0,,,
2008-06-11,Neutral,Objective,0,0,,,
2008-06-16,Neutral,Objective,0,0,,,
2008-06-20,Neutral,Objective,0,0,,,
2008-06-25,Neutral,Objective,0,0,,,
2008-07-02,Neutral,Objective,0,0,,,
2008-07-07,Neutral,Objective,0,0,,,
2008-07-14,Negative,Highly Subjective,-0.1,0.3,,,
2008-07-17,Neutral,Objective,0,0,,,
2008-07-18,Positive,Slightly Subjective,0.5,0.55,,,
2008-07-19, Slightly Positive,Slightly Subjective,0.3,0.7,,,
2008-07-27,Neutral,Objective,0,0,,,
2008-08-04,Neutral,Slightly Subjective,0,0.5,,,
2008-08-10,Neutral,Objective,0,0,,,
2008-08-11,Neutral,Objective,0,0,,,
2008-08-12,Neutral,Objective,0,0,,,
2008-08-14,Neutral,Objective,0,0,,,
2008-08-15,Neutral,Objective,0,0,,,
2008-08-22,Neutral,Objective,0,0.1,,,
2008-08-27,Neutral,Objective,0,0,,,
2008-08-28,Neutral,Objective,0,0,,,
2008-08-29,Neutral,Objective,0,0,,,
2008-09-11,Neutral,Objective,0,0,,,
2008-09-16,Neutral,Objective,0,0,,,
2008-09-18,Neutral,Objective,0,0,,,
2008-09-25, Highly Positive,Slightly Subjective,0.7,0.6,,,
2008-10-01,Neutral,Objective,0,0,,,
2008-10-02, Slightly Positive,Objective,0.1,0,,,
2008-10-07,Neutral,Objective,0,0,,,
2008-10-08,Negative,Objective,-0.15,0.05,,,
2008-10-09,Neutral,Objective,0,0,,,
2008-10-21,Neutral,Objective,0,0,,,
2008-10-23, Slightly Positive,Highly Subjective,0.158333333,0.208333333,,,
2008-11-05,Neutral,Objective,0,0,,,
2008-11-10,Neutral,Objective,0,0,,,
2008-11-25,Neutral,Objective,0,0,,,
2008-11-28,Neutral,Objective,0,0,,,
2008-12-04,Neutral,Objective,0,0,,,
2008-12-08, Highly Negative,Slightly Subjective,-0.3,0.4,,,
2008-12-11,Neutral,Objective,0,0,,,
2008-12-12,Neutral,Objective,0,0,,,
2008-12-13,Negative,Slightly Subjective,-0.1,0.4,,,
2008-12-16,Negative,Slightly Subjective,-0.127083333,0.4,,,
2008-12-19,Neutral,Objective,0,0,,,
2008-12-22,Neutral,Objective,0,0,,,
2009-01-05,Neutral,Objective,0,0.125,,,
2009-01-13,Neutral,Objective,0,0,,,
2009-01-14,Neutral,Objective,0,0,,,
2009-01-16,Neutral,Objective,0,0,,,
2009-01-19,Neutral,Objective,0,0,,,
2009-01-25,Neutral,Objective,0,0,,,
2009-02-05,Neutral,Objective,0,0,,,
2009-02-06, Slightly Positive,Highly Subjective,0.25,0.333333333,,,
2009-02-11,Neutral,Objective,0,0,,,
2009-02-12,Neutral,Objective,0,0,,,
2009-02-17,Neutral,Objective,0,0,,,
2009-02-26,Neutral,Objective,0,0,,,
2009-02-27,Neutral,Objective,0,0,,,
2009-03-04,Neutral,Objective,0,0,,,
2009-03-14,Negative,Objective,-0.166666667,0.066666667,,,
2009-03-25, Highly Negative,Slightly Subjective,-0.6,0.9,,,
2009-03-28, Slightly Positive,Slightly Subjective,0.136363636,0.454545455,,,
2009-04-09,Neutral,Objective,0,0,,,
2009-04-10,Neutral,Objective,0,0,,,
2009-04-24,Neutral,Objective,0,0,,,
2009-05-18,Neutral,Objective,0,0,,,
2009-05-20,Neutral,Objective,0,0,,,
2009-05-21,Neutral,Objective,0,0,,,
2009-05-26,Neutral,Objective,0,0,,,
2009-07-02,Negative,Highly Subjective,-0.25,0.25,,,
2009-07-16,Neutral,Objective,0,0,,,
2009-07-19,Neutral,Objective,0,0,,,
2009-08-28,Neutral,Objective,0,0,,,
2009-09-03,Neutral,Objective,0,0,,,
2009-09-15, Slightly Positive,Highly Subjective,0.25,0.333333333,,,
2009-09-23,Neutral,Objective,0,0,,,
2009-11-16, Highly Negative,Slightly Subjective,-0.331818182,0.727272727,,,
2009-11-19,Neutral,Objective,0,0,,,
2009-12-17, Slightly Positive,Highly Subjective,0.25,0.333333333,,,
2009-12-18,Negative,Slightly Subjective,-0.1875,0.5,,,
2009-12-21, Slightly Positive,Slightly Subjective,0.35,0.4625,,,
2009-12-22,Neutral,Objective,0,0,,,
2010-01-05,Neutral,Slightly Subjective,0,1,,,
2010-01-16,Neutral,Objective,0,0,,,
2010-01-18,Neutral,Objective,0,0,,,
2010-01-19,Neutral,Objective,0,0,,,
2010-01-20,Negative,Highly Subjective,-0.1875,0.3125,,,
2010-01-25,Neutral,Objective,0,0,,,
2010-02-02,Neutral,Objective,0,0,,,
2010-02-05,Neutral,Objective,0,0,,,
2010-02-09,Neutral,Objective,0,0,,,
2010-02-16,Neutral,Objective,0,0,,,
2010-02-24,Neutral,Slightly Subjective,0,0.5,,,
2010-02-26, Slightly Positive,Slightly Subjective,0.136363636,0.454545455,,,
2010-03-03,Negative,Highly Subjective,-0.15,0.4,,,
2010-03-04, Slightly Positive,Highly Subjective,0.125,0.216666667,,,
2010-03-15,Neutral,Objective,0,0,,,
2010-03-16, Slightly Positive,Slightly Subjective,0.136363636,0.454545455,,,
2010-04-21,Neutral,Objective,0,0,,,
2010-04-22,Neutral,Objective,0,0,,,
2010-04-28,Neutral,Objective,0,0,,,
2010-04-30, Highly Positive,Highly Subjective,1,0.3,,,
2010-05-15,Negative,Highly Subjective,-0.2,0.3,,,
2010-05-19,Neutral,Highly Subjective,0.068181818,0.227272727,,,
2010-06-01,Neutral,Objective,0,0,,,
2010-07-02,Neutral,Objective,0,0,,,
2010-07-05,Negative,Highly Subjective,-0.25,0.25,,,
2010-07-16,Neutral,Objective,0,0,,,
2010-07-17,Neutral,Objective,0,0,,,
2010-07-18,Neutral,Objective,0,0,,,
2010-07-19,Neutral,Objective,0,0,,,
2010-07-26,Neutral,Objective,0,0,,,
2010-07-28,Neutral,Objective,0,0,,,
2010-07-29,Neutral,Objective,0,0,,,
2010-08-06,Neutral,Objective,0,0,,,
2010-08-09, Slightly Positive,Slightly Subjective,0.227272727,0.545454545,,,
2010-08-13,Neutral,Objective,0,0,,,
2010-08-22,Neutral,Objective,0,0,,,
2010-08-24, Slightly Positive,Slightly Subjective,0.1,0.4,,,
2010-09-02,Neutral,Objective,0,0,,,
2010-09-03,Neutral,Objective,0,0,,,
2010-09-14, Slightly Positive,Slightly Subjective,0.136363636,0.454545455,,,
2010-09-15,Neutral,Objective,0,0,,,
2010-09-21,Neutral,Objective,0,0,,,
2010-09-24,Neutral,Objective,0,0,,,
2010-09-29,Neutral,Objective,0,0,,,
2010-10-21,Neutral,Objective,0,0,,,
2010-10-22,Neutral,Objective,0,0,,,
2010-10-23,Neutral,Objective,0,0.15,,,
2010-10-24,Neutral,Objective,0,0,,,
2010-10-28, Slightly Positive,Slightly Subjective,0.136363636,0.5,,,
2010-10-29,Neutral,Objective,0,0,,,
2010-10-30, Slightly Positive,Highly Subjective,0.25,0.333333333,,,
2010-11-03,Neutral,Objective,0,0,,,
2010-11-10,Neutral,Objective,0,0,,,
2010-11-22, Highly Positive,Slightly Subjective,0.55,0.5,,,
2010-11-23,Neutral,Objective,0,0,,,
2010-12-03,Neutral,Objective,0,0,,,
2010-12-06,Neutral,Slightly Subjective,0.05,0.5,,,
2010-12-08,Neutral,Objective,0,0,,,
2010-12-12,Neutral,Objective,0,0,,,
2010-12-14,Neutral,Objective,0,0,,,
2010-12-16,Positive,Slightly Subjective,0.5,0.75,,,
2010-12-22, Slightly Positive,Objective,0.1,0,,,
2010-12-23,Neutral,Objective,0,0,,,
2011-01-06,Neutral,Objective,0,0,,,
2011-01-07,Neutral,Objective,0,0,,,
2011-01-17, Highly Positive,Slightly Subjective,0.8,0.4,,,
2011-01-18,Neutral,Objective,0,0,,,
2011-01-19,Neutral,Objective,0,0,,,
2011-01-30,Neutral,Objective,0,0,,,
2011-02-01,Neutral,Objective,0,0,,,
2011-02-02,Neutral,Objective,0,0.1,,,
2011-02-09, Slightly Positive,Highly Subjective,0.1,0.3,,,
2011-02-10, Slightly Positive,Slightly Subjective,0.16,0.54,,,
2011-02-14,Neutral,Objective,0,0,,,
2011-02-16,Neutral,Objective,0,0,,,
2011-02-17, Slightly Positive,Slightly Subjective,0.2,0.5,,,
2011-02-22,Neutral,Objective,0,0,,,
2011-03-03,Neutral,Objective,0,0,,,
2011-03-16,Neutral,Objective,0,0.1,,,
2011-03-19,Neutral,Objective,0,0,,,
2011-03-21,Neutral,Objective,0,0,,,
2011-03-28,Neutral,Objective,0,0,,,
2011-03-29,Neutral,Objective,0,0,,,
2011-04-04,Neutral,Objective,0,0,,,
2011-04-09,Neutral,Highly Subjective,0,0.25,,,
2011-04-21,Neutral,Objective,0,0,,,
2011-04-22,Neutral,Objective,0,0,,,
2011-04-23,Neutral,Objective,0,0.1,,,
2011-04-27,Neutral,Objective,0,0,,,
2011-05-02,Neutral,Objective,0,0,,,
2011-05-13,Neutral,Objective,0,0,,,
2011-05-18,Neutral,Objective,0,0.1,,,
2011-06-02,Neutral,Objective,0,0,,,
2011-06-03,Neutral,Objective,0,0,,,
2011-06-07,Negative,Slightly Subjective,-0.25,0.4,,,
2011-06-20, Highly Positive,Highly Subjective,1,0.3,,,
2011-06-21,Neutral,Objective,0,0,,,
2011-06-22,Neutral,Objective,0,0,,,
2011-06-30,Negative,Slightly Subjective,-0.2,0.4,,,
2011-07-14,Neutral,Objective,0,0,,,
2011-07-15,Neutral,Slightly Subjective,0,0.5,,,
2011-07-18, Slightly Positive,Slightly Subjective,0.25,0.416666667,,,
2011-08-06,Neutral,Objective,0,0,,,
2011-08-19,Neutral,Objective,0,0,,,
2011-08-20,Neutral,Objective,0,0,,,
2011-08-24,Neutral,Objective,0,0,,,
2011-08-25,Neutral,Objective,0,0.1,,,
2011-09-18,Neutral,Objective,0,0,,,
2011-10-17,Neutral,Objective,0,0,,,
2011-10-18,Neutral,Objective,0,0,,,
2011-10-19,Neutral,Objective,0,0,,,
2011-10-28,Neutral,Objective,0,0,,,
2011-10-29,Neutral,Objective,0,0,,,
2011-11-10, Slightly Positive,Highly Subjective,0.3,0.2,,,
2011-12-15, Slightly Positive,Slightly Subjective,0.25,0.5,,,
2012-01-03,Positive,Slightly Subjective,0.5,1,,,
2012-01-13,Negative,Objective,-0.1,0.1,,,
2012-01-23,Neutral,Objective,0,0,,,
2012-02-08,Neutral,Objective,0,0,,,
2012-02-20,Neutral,Objective,0,0,,,
2012-03-12,Neutral,Objective,0,0.05,,,
2012-03-19,Neutral,Objective,0,0,,,
2012-03-20,Neutral,Objective,0,0,,,
2012-03-21,Neutral,Objective,0,0,,,
2012-03-28,Neutral,Objective,0,0,,,
2012-04-17,Neutral,Objective,0,0,,,
2012-04-24,Neutral,Objective,0,0,,,
2012-04-25,Neutral,Objective,0,0,,,
2012-05-01, Slightly Positive,Slightly Subjective,0.136363636,0.454545455,,,
2012-05-07,Positive,Slightly Subjective,0.5,0.5,,,
2012-05-08,Neutral,Objective,0,0,,,
2012-05-14, Slightly Positive,Slightly Subjective,0.136363636,0.454545455,,,
2012-05-22,Neutral,Objective,0,0,,,
2012-05-29,Neutral,Objective,0,0,,,
2012-06-20,Neutral,Objective,0,0,,,
2012-06-21,Neutral,Objective,0,0,,,
2012-07-10,Neutral,Slightly Subjective,0,1,,,
2012-07-16,Positive,Slightly Subjective,0.5,0.75,,,
2012-07-25,Neutral,Objective,0,0,,,
2012-08-04,Neutral,Objective,0,0,,,
2012-08-09,Neutral,Slightly Subjective,0,1,,,
2012-08-10,Neutral,Objective,0,0,,,
2012-08-14,Neutral,Objective,0,0,,,
2012-08-28,Neutral,Slightly Subjective,0,1,,,
2012-08-31,Neutral,Objective,0,0,,,
2012-09-18,Positive,Slightly Subjective,0.5,0.5,,,
2012-09-26,Neutral,Objective,0,0,,,
2012-10-05,Neutral,Objective,0,0,,,
2012-10-06,Neutral,Objective,0,0,,,
2012-10-19,Negative,Slightly Subjective,-0.125,0.75,,,
2012-10-20,Neutral,Objective,0,0,,,
2012-11-03,Neutral,Objective,0,0,,,
2012-11-16,Neutral,Objective,0,0.15,,,
2012-11-28,Neutral,Objective,0,0,,,
2012-12-12, Slightly Positive,Slightly Subjective,0.16,0.54,,,
2012-12-18,Neutral,Objective,0,0,,,
2012-12-19,Neutral,Slightly Subjective,0,1,,,
2012-12-20, Slightly Positive,Slightly Subjective,0.13,0.47,,,
2012-12-21,Negative,Highly Subjective,-0.15,0.4,,,
2012-12-24,Neutral,Objective,0,0,,,
2012-12-27, Slightly Positive,Objective,0.3,0.1,,,
2013-01-01,Neutral,Objective,0,0,,,
2013-01-15,Neutral,Objective,0,0,,,
2013-01-16,Negative,Highly Subjective,-0.25,0.25,,,
2013-01-18,Neutral,Objective,0,0,,,
2013-01-19,Positive,Slightly Subjective,0.5,0.5,,,
2013-01-20,Neutral,Objective,0,0,,,
2013-02-03,Neutral,Objective,0,0,,,
2013-02-12,Neutral,Objective,0,0,,,
2013-02-18,Neutral,Objective,0,0,,,
2013-03-13,Negative,Objective,-0.083333333,0.083333333,,,
2013-03-26, Slightly Positive,Objective,0.15,0.1,,,
2013-04-07,Neutral,Objective,0,0,,,
2013-04-10,Neutral,Objective,0,0,,,
2013-04-16,Positive,Slightly Subjective,0.5,0.5,,,
2013-04-17,Positive,Slightly Subjective,0.433333333,0.733333333,,,
2013-05-15,Neutral,Objective,0,0,,,
2013-05-18,Neutral,Objective,0,0,,,
2013-05-27,Neutral,Objective,0,0,,,
2013-06-07,Negative,Objective,-0.166666667,0.166666667,,,
2013-07-13,Neutral,Objective,0,0,,,
2013-07-22, Highly Negative,Slightly Subjective,-0.375,0.625,,,
2013-09-02,Neutral,Objective,0,0,,,
2013-09-26, Highly Negative,Slightly Subjective,-0.333333333,0.666666667,,,
2013-10-11,Neutral,Objective,0,0,,,
2013-10-15,Neutral,Objective,0,0,,,
2013-11-19,Neutral,Objective,0,0,,,
2013-12-31,Positive,Slightly Subjective,0.5,0.5,,,
2014-01-14,Neutral,Objective,0,0,,,
2014-03-03,Neutral,Objective,0,0,,,
2014-03-07,Neutral,Objective,0,0,,,
2014-03-19,Neutral,Objective,0,0,,,
2014-04-15, Slightly Positive,Slightly Subjective,0.16,0.54,,,
2014-04-16,Neutral,Objective,0,0,,,
2014-04-17,Neutral,Objective,0,0,,,
2014-04-24, Slightly Positive,Highly Subjective,0.107142857,0.214285714,,,
2014-06-04,Neutral,Objective,0,0,,,
2014-06-05,Positive,Slightly Subjective,0.4,0.9,,,
2014-06-10,Neutral,Objective,0,0,,,
2014-06-12,Neutral,Objective,0,0,,,
2014-06-14,Neutral,Objective,0,0,,,
2014-06-15,Neutral,Objective,0,0,,,
2014-07-09,Neutral,Objective,0,0,,,
2014-07-22, Slightly Positive,Slightly Subjective,0.25,0.5,,,
2014-07-30,Neutral,Objective,0,0,,,
2014-08-02,Neutral,Objective,0,0,,,
2014-08-07,Neutral,Objective,0,0,,,
2014-08-08, Highly Positive,Slightly Subjective,0.7,0.6,,,
2014-08-22,Positive,Slightly Subjective,0.5,1,,,
2014-08-23,Negative,Slightly Subjective,-0.2,0.5,,,
2014-08-26,Neutral,Objective,0,0,,,
2014-08-28, Slightly Positive,Highly Subjective,0.25,0.333333333,,,
2014-08-31,Neutral,Objective,0,0,,,
2014-09-14,Neutral,Objective,0,0,,,
2014-09-16,Neutral,Objective,0,0,,,
2014-09-17,Neutral,Objective,0,0,,,
2014-10-03,Neutral,Objective,0,0,,,
2014-10-26,Neutral,Objective,0,0,,,
2014-10-30,Positive,Slightly Subjective,0.5,0.5,,,
2014-12-03,Neutral,Slightly Subjective,0,1,,,
2015-01-17,Neutral,Objective,0,0,,,
2015-01-20,Neutral,Objective,0,0,,,
2015-01-24,Neutral,Objective,0,0,,,
2015-02-01,Neutral,Objective,0,0,,,
2015-02-12,Neutral,Objective,0,0.1,,,
2015-02-13,Neutral,Objective,0,0,,,
2015-02-19,Neutral,Objective,0,0,,,
2015-02-28,Neutral,Objective,0,0,,,
2015-03-13,Neutral,Objective,0,0,,,
2015-04-01,Neutral,Objective,0,0,,,
2015-04-05,Neutral,Objective,0,0,,,
2015-04-08, Slightly Positive,Slightly Subjective,0.16,0.54,,,
2015-04-16,Neutral,Slightly Subjective,0.083333333,0.4,,,
2015-04-17, Slightly Positive,Slightly Subjective,0.227272727,0.545454545,,,
2015-04-18,Neutral,Objective,0,0,,,
2015-04-19,Neutral,Objective,0,0,,,
2015-04-20,Neutral,Objective,0,0,,,
2015-04-22,Neutral,Objective,0,0,,,
2015-04-30,Neutral,Slightly Subjective,0,1,,,
2015-05-11, Highly Negative,Highly Subjective,-0.3,0.4,,,
2015-05-31,Negative,Slightly Subjective,-0.2,0.4,,,
2015-06-07,Neutral,Objective,0,0,,,
2015-06-10,Neutral,Objective,0,0,,,
2015-06-13,Neutral,Objective,0,0,,,
2015-07-05,Neutral,Objective,0,0,,,
2015-07-11,Neutral,Objective,0,0,,,
2015-07-14,Neutral,Objective,0,0,,,
2015-07-16,Neutral,Slightly Subjective,0.08,0.77,,,
2015-07-22,Neutral,Objective,0,0,,,
2015-08-20,Positive,Slightly Subjective,0.5,1,,,
2015-08-31,Neutral,Objective,0,0,,,
2015-11-20,Neutral,Objective,0.033333333,0.066666667,,,
2015-12-06,Neutral,Objective,0,0,,,
2015-12-10,Neutral,Objective,0,0,,,
2015-12-19,Neutral,Objective,0,0,,,
2015-12-22,Neutral,Objective,0,0,,,
2015-12-25,Neutral,Objective,0,0,,,
2015-12-26,Neutral,Objective,0,0,,,
2016-01-01,Neutral,Objective,0,0,,,
2016-01-05,Neutral,Objective,0,0,,,
2016-01-14, Slightly Positive,Slightly Subjective,0.25,0.416666667,,,
2016-01-31,Neutral,Objective,0,0,,,
2016-02-06,Negative,Highly Subjective,-0.1,0.2,,,
2016-02-09,Neutral,Objective,0,0,,,
2016-02-29,Neutral,Highly Subjective,0,0.3,,,
2016-03-03,Neutral,Objective,0,0,,,
2016-03-18,Neutral,Objective,0,0,,,
2016-04-07,Neutral,Objective,0,0,,,
2016-04-16,Positive,Slightly Subjective,0.416666667,0.5,,,
2016-04-21,Positive,Slightly Subjective,0.5,0.5,,,
2016-04-22,Neutral,Objective,0,0,,,
2016-04-27,Neutral,Objective,0,0,,,
2016-05-02, Slightly Positive,Highly Subjective,0.175,0.366666667,,,
2016-05-05,Neutral,Objective,0,0,,,
2016-06-12, Highly Positive,Slightly Subjective,0.6,0.9,,,
2016-06-18,Neutral,Objective,0,0,,,
2016-06-24,Negative,Highly Subjective,-0.2,0.2,,,
2016-06-25,Neutral,Objective,0,0,,,
2016-07-09,Neutral,Objective,0,0,,,
2016-07-11,Neutral,Objective,0,0,,,
2016-07-15,Neutral,Objective,0,0,,,
2016-07-16,Neutral,Objective,0,0,,,
2016-07-17,Neutral,Slightly Subjective,0,0.5,,,
2016-07-19,Neutral,Objective,0,0,,,
2016-07-25,Positive,Slightly Subjective,0.5,0.5,,,
2016-07-26,Neutral,Objective,0,0,,,
2016-08-10,Neutral,Objective,0,0,,,
2016-08-18,Neutral,Objective,0,0,,,
2016-09-02,Neutral,Objective,0,0,,,
2016-09-05,Neutral,Objective,0,0,,,
2016-09-09,Negative,Objective,-0.133333333,0.133333333,,,
2016-09-13,Neutral,Objective,0,0,,,
2016-09-15,Negative,Slightly Subjective,-0.2,0.5,,,
2016-09-20, Highly Negative,Slightly Subjective,-1,1,,,
2016-09-29,Neutral,Objective,0,0,,,
2016-09-30,Negative,Objective,-0.166666667,0.066666667,,,
2016-10-04,Neutral,Objective,0,0,,,
2016-10-09,Neutral,Objective,0,0,,,
2016-10-14,Neutral,Objective,0,0,,,
2016-10-22,Neutral,Objective,0,0,,,
2016-10-25, Highly Negative,Highly Subjective,-0.3,0.4,,,
2016-10-27,Neutral,Objective,0,0,,,
2016-10-28,Neutral,Objective,0,0,,,
2016-11-01,Neutral,Objective,0,0,,,
2016-11-03,Neutral,Objective,0,0,,,
2016-11-04,Neutral,Objective,0,0,,,
2016-11-05,Neutral,Objective,0,0,,,
2016-11-09, Slightly Positive,Slightly Subjective,0.136363636,0.454545455,,,
2016-11-13, Highly Negative,Slightly Subjective,-0.5,0.5,,,
2016-11-15,Negative,Highly Subjective,-0.056818182,0.352272727,,,
2016-11-16, Highly Negative,Slightly Subjective,-0.5,1,,,
2016-11-17,Neutral,Slightly Subjective,0,1,,,
2016-11-23,Neutral,Objective,0,0,,,
2016-11-24,Neutral,Objective,0,0,,,
2016-11-28,Neutral,Objective,0,0,,,
2016-11-29,Neutral,Objective,0,0,,,
2016-11-30,Neutral,Objective,0,0,,,
2016-12-02,Positive,Slightly Subjective,0.5,1,,,
2016-12-09,Neutral,Objective,0,0,,,
2016-12-13, Slightly Positive,Slightly Subjective,0.35,0.55,,,
2016-12-15,Neutral,Objective,0,0,,,
2016-12-16, Highly Negative,Slightly Subjective,-1,1,,,
2016-12-17,Neutral,Objective,0,0,,,
2016-12-26,Negative,Highly Subjective,-0.125,0.2,,,
2017-01-12,Neutral,Objective,0,0,,,
2017-01-13, Slightly Positive,Slightly Subjective,0.136363636,0.454545455,,,
2017-01-14,Neutral,Objective,0,0,,,
2017-01-16,Neutral,Objective,0,0.125,,,
2017-01-18, Highly Negative,Slightly Subjective,-0.388888889,0.833333333,,,
2017-01-30,Neutral,Objective,0,0,,,
2017-02-10,Neutral,Objective,0,0,,,
2017-02-15,Neutral,Objective,0,0,,,
2017-02-16,Neutral,Objective,0,0,,,
2017-02-20,Neutral,Objective,0,0,,,
2017-02-21, Slightly Positive,Slightly Subjective,0.303787879,0.573737374,,,
2017-02-24, Slightly Positive,Slightly Subjective,0.136363636,0.454545455,,,
2017-02-25,Positive,Slightly Subjective,0.5,0.833333333,,,
2017-02-26,Neutral,Objective,0,0,,,
2017-02-27,Neutral,Objective,0,0,,,
2017-03-01,Neutral,Objective,0,0,,,
2017-03-04,Neutral,Objective,0,0,,,
2017-03-13,Neutral,Objective,0,0,,,
2017-03-16, Highly Negative,Slightly Subjective,-0.516666667,0.8,,,
2017-03-21,Neutral,Objective,0,0,,,
2017-03-23,Neutral,Objective,0,0,,,
2017-04-14,Neutral,Objective,0,0,,,
2017-04-17,Neutral,Objective,0,0,,,
2017-04-18,Neutral,Slightly Subjective,0,0.666666667,,,
2017-04-19,Neutral,Objective,0,0,,,
2017-04-21,Neutral,Objective,0,0,,,
2017-04-24,Positive,Slightly Subjective,0.5,0.5,,,
2017-04-25,Neutral,Objective,0,0,,,
2017-05-01,Negative,Slightly Subjective,-0.04375,0.4,,,
2017-05-02,Neutral,Objective,0,0,,,
2017-05-05,Neutral,Objective,0,0,,,
2017-05-11,Positive,Slightly Subjective,0.5,0.5,,,
2017-05-12,Neutral,Objective,0,0,,,
2017-05-16,Negative,Slightly Subjective,-0.1,0.45,,,
2017-05-26, Slightly Positive,Highly Subjective,0.1,0.3,,,
2017-05-28,Neutral,Objective,0,0,,,
2017-05-31,Neutral,Slightly Subjective,0,1,,,
2017-06-03,Neutral,Objective,0,0,,,
2017-06-06,Negative,Objective,-0.166666667,0.066666667,,,
2017-06-07, Slightly Positive,Slightly Subjective,0.136363636,0.454545455,,,
2017-06-08,Neutral,Objective,0,0,,,
2017-06-09,Neutral,Objective,0,0,,,
2017-06-12,Neutral,Objective,0,0,,,
2017-06-15,Positive,Slightly Subjective,0.5,0.5,,,
2017-06-16,Neutral,Objective,0,0,,,
2017-06-17,Neutral,Objective,0,0,,,
2017-06-23,Neutral,Objective,0,0,,,
2017-06-26,Neutral,Objective,0,0,,,
2017-06-29,Negative,Highly Subjective,-0.25,0.25,,,
2017-07-03,Positive,Slightly Subjective,0.5,1,,,
2017-07-05,Neutral,Objective,0,0,,,
2017-07-09,Neutral,Objective,0,0,,,
2017-07-12,Neutral,Objective,0,0,,,
2017-07-13,Neutral,Objective,0,0,,,
2017-07-14,Negative,Highly Subjective,-0.0625,0.375,,,
2017-07-15, Slightly Positive,Slightly Subjective,0.136363636,0.454545455,,,
2017-07-16,Neutral,Objective,0,0,,,
2017-07-17,Neutral,Objective,0,0.125,,,
2017-07-18,Neutral,Objective,0,0,,,
2017-07-20,Neutral,Objective,0,0,,,
2017-07-24,Neutral,Objective,0,0,,,
2017-07-25,Neutral,Objective,0,0,,,
2017-08-04,Neutral,Objective,0,0,,,
2017-08-07,Neutral,Objective,0,0,,,
2017-08-16,Neutral,Objective,0,0,,,
2017-08-20,Positive,Slightly Subjective,0.5,0.5,,,
2017-08-21,Neutral,Slightly Subjective,0,1,,,
2017-08-27, Highly Negative,Slightly Subjective,-1,1,,,
2017-09-03,Neutral,Objective,0,0,,,
2017-09-04,Neutral,Objective,0,0,,,
2017-09-12,Neutral,Objective,0,0,,,
2017-09-18, Slightly Positive,Slightly Subjective,0.148181818,0.497272727,,,
2017-09-24,Negative,Slightly Subjective,-0.166666667,0.522222222,,,
2017-09-26,Neutral,Objective,0,0,,,
2017-09-27, Highly Positive,Slightly Subjective,0.75,0.4,,,
2017-10-02,Neutral,Objective,0,0,,,
2017-10-04,Neutral,Objective,0,0,,,
2017-10-12,Neutral,Slightly Subjective,0.049715909,0.488636364,,,
2017-10-13,Negative,Objective,-0.008333333,0.125,,,
2017-10-14,Neutral,Objective,0,0,,,
2017-10-15, Slightly Positive,Slightly Subjective,0.1875,0.4375,,,
2017-10-16,Neutral,Objective,0,0,,,
2017-10-21,Neutral,Objective,0,0,,,
2017-10-23,Neutral,Objective,0,0,,,
2017-10-24,Neutral,Objective,0,0.066666667,,,
2017-11-08,Neutral,Objective,0,0,,,
2017-11-13,Neutral,Objective,0,0,,,
2017-11-14, Slightly Positive,Slightly Subjective,0.136363636,0.454545455,,,
2017-11-17,Neutral,Objective,0,0,,,
2017-11-25,Neutral,Objective,0,0.066666667,,,
2017-11-27,Neutral,Objective,0,0,,,
2017-11-29,Neutral,Objective,0,0,,,
2017-12-01,Neutral,Objective,0,0,,,
2017-12-04,Neutral,Objective,0,0,,,
2017-12-17,Neutral,Objective,0,0,,,
2017-12-18,Neutral,Objective,0,0,,,
2017-12-22,Neutral,Objective,0,0,,,
2017-12-23,Neutral,Objective,0,0,,,
2017-12-28,Negative,Objective,-0.1,0.1,,,
2017-12-29,Neutral,Slightly Subjective,0.063636364,0.422727273,,,
2018-01-01,Neutral,Objective,0,0,,,
2018-01-07,Neutral,Objective,0,0,,,
2018-01-09,Neutral,Objective,0,0,,,
2018-01-10, Slightly Positive,Slightly Subjective,0.109196429,0.420714286,,,
2018-01-11,Neutral,Objective,0,0,,,
2018-01-12,Neutral,Objective,0,0.1875,,,
2018-01-14,Neutral,Objective,0,0,,,
2018-01-15,Neutral,Slightly Subjective,0,0.5,,,
2018-01-16, Slightly Positive,Objective,0.109090909,0.163636364,,,
2018-01-17, Slightly Positive,Highly Subjective,0.3,0.2,,,
2018-01-21,Neutral,Objective,0,0,,,
2018-01-22, Slightly Positive,Slightly Subjective,0.16,0.54,,,
2018-01-24,Neutral,Objective,0,0,,,
2018-01-25,Neutral,Objective,0,0,,,
2018-01-26, Slightly Positive,Slightly Subjective,0.285714286,0.535714286,,,
2018-01-28,Positive,Slightly Subjective,0.5,0.5,,,
2018-01-29,Negative,Slightly Subjective,-0.2,0.4,,,
2018-02-04,Positive,Slightly Subjective,0.5,0.5,,,
2018-02-11, Slightly Positive,Highly Subjective,0.25,0.283333333,,,
2018-02-13,Negative,Objective,-0.033333333,0.083333333,,,
2018-02-18,Neutral,Objective,0,0,,,
2018-02-20, Slightly Positive,Slightly Subjective,0.136363636,0.454545455,,,
2018-02-21, Slightly Positive,Slightly Subjective,0.25,0.416666667,,,
2018-02-25, Slightly Positive,Highly Subjective,0.25,0.25,,,
2018-03-01,Neutral,Objective,0,0,,,
2018-03-03,Neutral,Objective,0,0,,,
2018-03-06,Neutral,Objective,0,0,,,
2018-03-08,Neutral,Objective,0,0,,,
2018-03-12, Slightly Positive,Highly Subjective,0.208333333,0.308333333,,,
2018-03-13,Neutral,Objective,0,0,,,
2018-03-18,Neutral,Objective,0,0,,,
2018-03-22,Neutral,Objective,0,0,,,
2018-03-25,Positive,Slightly Subjective,0.5,0.5,,,
2018-03-27,Neutral,Objective,0,0,,,
2018-03-29,Neutral,Objective,0,0,,,
2018-04-01,Neutral,Objective,0,0,,,
2018-04-08, Slightly Positive,Highly Subjective,0.25,0.25,,,
2018-04-09, Slightly Positive,Slightly Subjective,0.16,0.54,,,
2018-04-11,Neutral,Objective,0,0,,,
2018-04-13,Neutral,Objective,0,0,,,
2018-04-18,Negative,Objective,-0.025,0.125,,,
2018-04-19,Positive,Slightly Subjective,0.5,0.833333333,,,
2018-04-20, Slightly Positive,Highly Subjective,0.175,0.366666667,,,
2018-04-21, Slightly Positive,Slightly Subjective,0.266666667,0.566666667,,,
2018-04-23,Negative,Slightly Subjective,-0.2,0.4,,,
2018-04-24,Neutral,Objective,0,0,,,
2018-04-25,Positive,Slightly Subjective,0.4,0.8,,,
2018-04-26,Neutral,Objective,0,0,,,
2018-04-28,Negative,Slightly Subjective,-0.2,0.4,,,
2018-04-29,Negative,Slightly Subjective,-0.1,0.4,,,
2018-05-01, Slightly Positive,Slightly Subjective,0.35,0.55,,,
2018-05-02, Slightly Positive,Slightly Subjective,0.35,0.55,,,
2018-05-11,Negative,Slightly Subjective,-0.2,0.4,,,
2018-05-21, Slightly Positive,Slightly Subjective,0.16,0.54,,,
2018-05-23,Neutral,Objective,0,0,,,
2018-05-24,Neutral,Objective,0,0,,,
2018-05-25, Slightly Positive,Slightly Subjective,0.183333333,0.411111111,,,
2018-05-27,Negative,Objective,-0.05,0.083333333,,,
2018-05-30,Neutral,Objective,0,0,,,
2018-05-31,Neutral,Objective,0,0,,,
2018-06-01,Neutral,Objective,0,0,,,
2018-06-05,Neutral,Objective,0,0,,,
2018-06-07, Slightly Positive,Objective,0.1,0,,,
2018-06-13, Highly Positive,Slightly Subjective,0.8,0.4,,,
2018-06-14, Slightly Positive,Objective,0.266666667,0.133333333,,,
2018-06-15, Slightly Positive,Slightly Subjective,0.182121212,0.442626263,,,
2018-06-16, Slightly Positive,Objective,0.109090909,0.138636364,,,
2018-06-18, Slightly Positive,Slightly Subjective,0.218181818,0.477272727,,,
2018-06-19,Neutral,Objective,0,0,,,
2018-06-20,Neutral,Objective,0,0,,,
2018-06-22,Neutral,Objective,0,0,,,
2018-06-25,Neutral,Slightly Subjective,0.008333333,0.441666667,,,
2018-06-27, Highly Positive,Highly Subjective,1,0.3,,,
2018-06-28,Neutral,Slightly Subjective,0.025,0.45,,,
2018-06-30,Negative,Highly Subjective,-0.1,0.2,,,
2018-07-06,Neutral,Highly Subjective,0.068181818,0.227272727,,,
2018-07-08, Slightly Positive,Slightly Subjective,0.35,0.65,,,
2018-07-09,Neutral,Objective,0,0,,,
2018-07-10,Neutral,Objective,0,0,,,
2018-07-11,Neutral,Objective,0,0,,,
2018-07-12, Slightly Positive,Slightly Subjective,0.227272727,0.545454545,,,
2018-07-13,Neutral,Slightly Subjective,0,1,,,
2018-07-15,Neutral,Objective,0,0.1,,,
2018-07-16,Negative,Highly Subjective,-0.045,0.395,,,
2018-07-17,Neutral,Slightly Subjective,0.0175,0.4575,,,
2018-07-20,Neutral,Objective,0,0.1,,,
2018-07-22,Negative,Highly Subjective,-0.15,0.4,,,
2018-07-23,Neutral,Objective,0,0,,,
2018-07-27,Negative,Slightly Subjective,-0.2,0.4,,,
2018-07-29,Negative,Slightly Subjective,-0.125,1,,,
2018-07-31,Neutral,Objective,0,0.1,,,
2018-08-01,Negative,Slightly Subjective,-0.2,0.4,,,
2018-08-04, Highly Negative,Slightly Subjective,-0.3,0.4,,,
2018-08-07,Neutral,Objective,0,0,,,
2018-08-08,Negative,Slightly Subjective,-0.2,0.4,,,
2018-08-10,Negative,Slightly Subjective,-0.2,0.4,,,
2018-08-11,Neutral,Objective,0,0,,,
2018-08-12,Neutral,Objective,0,0,,,
2018-08-14,Negative,Highly Subjective,-0.225,0.325,,,
2018-08-22, Slightly Positive,Slightly Subjective,0.148181818,0.497272727,,,
2018-08-24,Negative,Slightly Subjective,-0.0625,0.608333333,,,
2018-08-26,Neutral,Objective,0,0,,,
2018-08-28, Slightly Positive,Slightly Subjective,0.148181818,0.497272727,,,
2018-08-29, Slightly Positive,Objective,0.1,0,,,
2018-08-31,Negative,Slightly Subjective,-0.2,0.4,,,
2018-09-01,Negative,Highly Subjective,-0.1875,0.3625,,,
2018-09-02,Positive,Slightly Subjective,0.5,0.5,,,
2018-09-03,Neutral,Objective,0,0,,,
2018-09-04, Slightly Positive,Slightly Subjective,0.182121212,0.442626263,,,
2018-09-05,Neutral,Objective,0,0,,,
2018-09-06,Neutral,Objective,0,0,,,
2018-09-10,Neutral,Objective,0,0,,,
2018-09-14,Negative,Slightly Subjective,-0.291666667,0.541666667,,,
2018-09-17,Negative,Slightly Subjective,-0.166666667,0.522222222,,,
2018-09-19,Negative,Highly Subjective,-0.25,0.25,,,
2018-09-23, Slightly Positive,Objective,0.3,0.1,,,
2018-09-25,Neutral,Objective,0,0,,,
2018-09-26,Neutral,Objective,0,0,,,
2018-09-29,Neutral,Objective,0,0,,,
2018-09-30,Neutral,Objective,0,0,,,
2018-10-02,Positive,Slightly Subjective,0.4,0.9,,,
2018-10-03,Neutral,Objective,0,0,,,
2018-10-04,Neutral,Objective,0.016666667,0.033333333,,,
2018-10-07, Highly Negative,Slightly Subjective,-1,1,,,
2018-10-10,Negative,Slightly Subjective,-0.013125,0.42875,,,
2018-10-11,Neutral,Objective,0,0,,,
2018-10-12,Neutral,Objective,0,0,,,
2018-10-13, Slightly Positive,Slightly Subjective,0.275,0.5,,,
2018-10-16,Neutral,Objective,0.034090909,0.113636364,,,
2018-10-17,Neutral,Objective,0,0.125,,,
2018-10-19,Neutral,Objective,0,0,,,
2018-10-21,Neutral,Objective,0,0,,,
2018-10-22,Neutral,Objective,0,0,,,
2018-10-23, Slightly Positive,Highly Subjective,0.1875,0.3125,,,
2018-10-27, Slightly Positive,Slightly Subjective,0.3,0.5,,,
2018-10-28,Negative,Slightly Subjective,-0.25,0.75,,,
2018-11-01,Neutral,Slightly Subjective,0.1,0.466666667,,,
2018-11-04,Neutral,Objective,0,0,,,
2018-11-05,Positive,Slightly Subjective,0.5,0.5,,,
2018-11-09,Neutral,Objective,0,0,,,
2018-11-14,Positive,Slightly Subjective,0.5,0.45,,,
2018-11-16,Negative,Slightly Subjective,-0.2,0.4,,,
2018-11-18,Positive,Slightly Subjective,0.5,0.5,,,
2018-11-25,Positive,Slightly Subjective,0.5,0.5,,,
2018-11-28,Neutral,Objective,0,0,,,
2018-11-29,Neutral,Objective,0.083333333,0.141666667,,,
2018-12-06,Neutral,Objective,0,0,,,
2018-12-09,Positive,Slightly Subjective,0.5,0.5,,,
2018-12-13,Neutral,Objective,0,0,,,
2018-12-19,Positive,Slightly Subjective,0.468181818,0.602272727,,,
2018-12-20,Neutral,Slightly Subjective,0,1,,,
2018-12-29,Neutral,Objective,0,0,,,
2018-12-30,Positive,Slightly Subjective,0.5,0.5,,,
2019-01-02,Neutral,Slightly Subjective,0.083333333,0.5,,,
2019-01-03, Slightly Positive,Slightly Subjective,0.16,0.54,,,
2019-01-06,Negative,Slightly Subjective,-0.15625,0.49375,,,
2019-01-07, Slightly Positive,Slightly Subjective,0.216666667,0.866666667,,,
2019-01-08, Slightly Positive,Slightly Subjective,0.357142857,0.571428571,,,
2019-01-09, Slightly Positive,Highly Subjective,0.35,0.35,,,
2019-01-10,Neutral,Slightly Subjective,0,0.5,,,
2019-01-11,Neutral,Objective,0,0,,,
2019-01-12,Neutral,Objective,0,0,,,
2019-01-14,Positive,Slightly Subjective,0.468181818,0.427272727,,,
2019-01-18, Slightly Positive,Objective,0.15,0.1,,,
2019-01-21,Negative,Objective,-0.2,0.05,,,
2019-01-27,Positive,Slightly Subjective,0.5,0.5,,,
2019-01-28,Neutral,Objective,0,0,,,
2019-02-04,Positive,Slightly Subjective,0.5,0.5,,,
2019-02-11,Neutral,Objective,0,0,,,
2019-02-12,Neutral,Objective,0,0,,,
2019-02-13,Negative,Objective,-0.0625,0.0625,,,
2019-02-15,Neutral,Slightly Subjective,0,1,,,
2019-02-17,Neutral,Highly Subjective,0.068181818,0.227272727,,,
2019-02-19, Slightly Positive,Slightly Subjective,0.2,0.4,,,
2019-02-22,Neutral,Objective,0,0,,,
2019-02-26,Neutral,Objective,0,0,,,
2019-03-05, Slightly Positive,Highly Subjective,0.2,0.2,,,
2019-03-10,Neutral,Highly Subjective,0,0.25,,,
2019-03-13, Slightly Positive,Slightly Subjective,0.16,0.54,,,
2019-03-14,Positive,Slightly Subjective,0.5,0.5,,,
2019-03-15, Highly Positive,Highly Subjective,1,0.3,,,
2019-04-03, Slightly Positive,Objective,0.125,0.166666667,,,
2019-04-10,Neutral,Objective,0,0,,,
2019-04-12,Negative,Objective,-0.0125,0.0625,,,
2019-04-13,Neutral,Objective,0,0.05,,,
2019-04-14,Negative,Slightly Subjective,-0.068181818,0.761363636,,,
2019-04-15,Neutral,Objective,0,0,,,
2019-04-16, Slightly Positive,Highly Subjective,0.1525,0.36,,,
2019-04-18,Neutral,Objective,0,0,,,
2019-04-21,Neutral,Objective,0,0,,,
2019-04-22, Slightly Positive,Slightly Subjective,0.1,0.4,,,
2019-04-23,Neutral,Objective,0,0,,,
2019-04-24,Neutral,Objective,0,0,,,
2019-04-25,Neutral,Objective,0,0,,,
2019-04-26, Slightly Positive,Slightly Subjective,0.231111111,0.557777778,,,
2019-04-29,Neutral,Objective,0.05,0.15,,,
2019-04-30,Negative,Objective,-0.025,0.125,,,
2019-05-02,Neutral,Objective,0,0,,,
2019-05-03,Negative,Objective,-0.108333333,0.131944444,,,
2019-05-05, Highly Negative,Slightly Subjective,-0.5,1,,,
2019-05-06,Neutral,Objective,0,0,,,
2019-05-07,Neutral,Objective,0,0,,,
2019-05-08,Neutral,Objective,0,0,,,
2019-05-09,Negative,Slightly Subjective,-0.2,0.4,,,
2019-05-10,Negative,Slightly Subjective,-0.2,0.4,,,
2019-05-12, Highly Negative,Slightly Subjective,-1,1,,,
2019-05-13,Neutral,Objective,0,0,,,
2019-05-16,Neutral,Objective,0,0,,,
2019-05-19,Neutral,Objective,0,0,,,
2019-05-20,Neutral,Objective,0,0,,,
2019-05-24,Neutral,Objective,0,0,,,
2019-05-28, Slightly Positive,Highly Subjective,0.25,0.375,,,
2019-05-31, Slightly Positive,Slightly Subjective,0.214285714,0.642857143,,,
2019-06-07,Neutral,Slightly Subjective,0.045454545,0.518181818,,,
2019-06-10,Negative,Slightly Subjective,-0.2,0.4,,,
2019-06-11,Neutral,Objective,0,0,,,
2019-06-12,Neutral,Objective,0,0,,,
2019-06-22,Neutral,Slightly Subjective,0.041666667,0.5,,,
2019-06-23,Neutral,Objective,0,0,,,
2019-06-24,Neutral,Objective,0,0,,,
2019-06-26, Slightly Positive,Objective,0.15,0.1,,,
2019-06-27,Positive,Slightly Subjective,0.5,0.5,,,
2019-07-05,Neutral,Objective,0,0,,,
2019-07-06, Slightly Positive,Slightly Subjective,0.354166667,0.708333333,,,
2019-07-07,Neutral,Objective,0,0,,,
2019-07-08,Neutral,Slightly Subjective,0,0.533333333,,,
2019-07-09,Negative,Highly Subjective,-0.038888889,0.227777778,,,
2019-07-10,Negative,Slightly Subjective,-0.06875,0.45,,,
2019-07-11,Negative,Objective,-0.166666667,0.066666667,,,
2019-07-14, Slightly Positive,Slightly Subjective,0.15,0.6,,,
2019-07-15,Neutral,Objective,0,0,,,
2019-07-16,Positive,Slightly Subjective,0.5,0.5,,,
2019-07-18,Neutral,Objective,0,0,,,
2019-07-19,Neutral,Objective,0,0,,,
2019-07-22,Neutral,Objective,0,0,,,
2019-07-24,Neutral,Objective,0,0,,,
2019-07-25,Neutral,Objective,0,0,,,
2019-08-04,Neutral,Objective,0,0,,,
2019-08-07,Neutral,Objective,0,0,,,
2019-08-10, Highly Positive,Slightly Subjective,0.6,0.55,,,
2019-08-11,Neutral,Objective,0,0,,,
2019-08-12, Slightly Positive,Highly Subjective,0.25,0.25,,,
2019-08-14,Neutral,Objective,0,0,,,
2019-08-15,Negative,Highly Subjective,-0.133333333,0.233333333,,,
2019-08-20, Highly Negative,Slightly Subjective,-0.6875,0.8125,,,
2019-08-21,Neutral,Objective,0,0,,,
2019-08-25,Neutral,Objective,0,0,,,
2019-08-26,Neutral,Objective,0,0,,,
2019-08-28,Neutral,Objective,0,0,,,
2019-08-29,Positive,Slightly Subjective,0.5,0.5,,,
2019-09-17,Neutral,Objective,0,0,,,
2019-09-20, Slightly Positive,Slightly Subjective,0.15,0.45,,,
2019-09-26,Neutral,Objective,0,0,,,
2019-10-01,Positive,Slightly Subjective,0.5,0.5,,,
2019-10-03, Slightly Positive,Slightly Subjective,0.222222222,0.666666667,,,
2019-10-08,Neutral,Objective,0,0,,,
2019-10-09,Negative,Slightly Subjective,-0.020833333,0.541666667,,,
2019-10-10,Negative,Highly Subjective,-0.1875,0.3125,,,
2019-10-11,Negative,Highly Subjective,-0.1375,0.3375,,,
2019-10-13,Positive,Slightly Subjective,0.5,0.5,,,
2019-10-14,Neutral,Slightly Subjective,0,0.5,,,
2019-10-15, Slightly Positive,Slightly Subjective,0.25,0.5,,,
2019-10-16,Neutral,Objective,0,0,,,
2019-10-17,Neutral,Slightly Subjective,0.0625,0.5,,,
2019-10-18, Slightly Positive,Highly Subjective,0.285714286,0.391428571,,,
2019-10-21,Negative,Objective,-0.1,0,,,
2019-10-22,Neutral,Objective,0,0,,,
2019-10-23,Positive,Slightly Subjective,0.5,0.5,,,
2019-10-25,Neutral,Objective,0,0,,,
2019-10-30,Neutral,Objective,0,0,,,
2019-11-03,Neutral,Objective,0,0,,,
2019-11-04,Neutral,Objective,0.0375,0.1625,,,
2019-11-06,Neutral,Objective,0,0,,,
2019-11-08,Positive,Slightly Subjective,0.5,0.5,,,
2019-11-12, Slightly Positive,Objective,0.1,0,,,
2019-11-14,Neutral,Objective,0,0,,,
2019-11-18,Neutral,Objective,0,0.15,,,
2019-11-20, Slightly Positive,Highly Subjective,0.107142857,0.214285714,,,
2019-11-22, Highly Negative,Objective,-0.3,0.1,,,
2019-11-24, Highly Negative,Slightly Subjective,-1,1,,,
2019-11-27,Neutral,Objective,0,0,,,
2019-12-09,Negative,Objective,-0.1125,0.1625,,,
2019-12-10,Neutral,Objective,0,0,,,
2019-12-11,Neutral,Objective,0,0,,,
2019-12-12,Neutral,Objective,0,0,,,
2019-12-13,Neutral,Objective,0,0,,,
2019-12-15, Slightly Positive,Highly Subjective,0.225,0.375,,,
2019-12-16,Neutral,Objective,0,0,,,
2019-12-17,Neutral,Objective,0,0,,,
2019-12-18,Neutral,Objective,0,0,,,
2019-12-19,Neutral,Objective,0,0,,,
2019-12-20, Slightly Positive,Slightly Subjective,0.3,0.5,,,
2019-12-23, Slightly Positive,Slightly Subjective,0.1,0.4,,,
2019-12-24,Neutral,Highly Subjective,0.05,0.35,,,
2019-12-25, Highly Negative,Slightly Subjective,-0.5,0.5,,,
2019-12-26,Neutral,Objective,0,0,,,
2019-12-27,Neutral,Objective,0,0,,,
2019-12-30, Highly Negative,Highly Subjective,-0.3,0.4,,,
2020-01-02,Neutral,Objective,0,0,,,
2020-01-04,Neutral,Objective,0,0,,,
2020-01-05,Neutral,Objective,0,0,,,
2020-01-06,Neutral,Slightly Subjective,0,1,,,
2020-01-07, Slightly Positive,Slightly Subjective,0.205,0.52,,,
2020-01-14, Slightly Positive,Slightly Subjective,0.3,0.629166667,,,
2020-01-17, Slightly Positive,Highly Subjective,0.25,0.25,,,
2020-01-18,Neutral,Slightly Subjective,0.03125,0.40625,,,
2020-01-19, Slightly Positive,Slightly Subjective,0.1,0.4,,,
2020-01-20,Neutral,Objective,0,0,25,5,6
2020-01-21,Neutral,Objective,0,0,8,1,2
2020-01-22, Slightly Positive,Slightly Subjective,0.2,0.5,4,0,19
2020-01-23,Neutral,Objective,0,0,6,1,5
2020-01-25,Neutral,Slightly Subjective,0,1,3,0,2
2020-01-26,Negative,Slightly Subjective,-0.2,0.5,5,0,18
2020-01-27,Negative,Slightly Subjective,-0.125,0.45,6,0,4
2020-01-28,Positive,Slightly Subjective,0.5,0.5,11,4,25
2020-01-30,Positive,Slightly Subjective,0.5,0.5,8,0,3
2020-01-31,Neutral,Objective,0,0,,,
2020-02-03,Negative,Slightly Subjective,-0.2,0.4,,,
2020-02-06,Neutral,Objective,0,0,,,
2020-02-07, Slightly Positive,Slightly Subjective,0.2,0.45,,,
2020-02-09,Positive,Slightly Subjective,0.5,0.5,,,
2020-02-10,Positive,Objective,0.5,0.15,,,
2020-02-13,Neutral,Objective,0,0,3,0,0
2020-02-14,Neutral,Objective,0,0,8,1,4
2020-02-16,Neutral,Objective,0,0,3,0,0
2020-02-17, Slightly Positive,Highly Subjective,0.166666667,0.333333333,6,1,2
2020-02-24,Neutral,Objective,0,0,5,0,2
2020-02-28,Neutral,Objective,0,0.1,,,
2020-03-02,Neutral,Highly Subjective,0,0.3,,,
2020-03-03, Slightly Positive,Slightly Subjective,0.25,0.5,,,
2020-03-04, Slightly Positive,Slightly Subjective,0.227272727,0.545454545,,,
2020-03-05,Neutral,Highly Subjective,0.068181818,0.377272727,,,
2020-03-06,Neutral,Objective,0,0,,,
2020-03-08, Slightly Positive,Slightly Subjective,0.214285714,0.428571429,,,
2020-03-10,Neutral,Objective,0,0.166666667,,,
2020-03-11, Highly Negative,Slightly Subjective,-0.7,1,,,
2020-03-12,Negative,Objective,-0.055555556,0.144444444,,,
2020-03-13,Neutral,Objective,0,0,,,
2020-03-16,Negative,Slightly Subjective,-0.291666667,0.5,,,
2020-03-18,Negative,Slightly Subjective,-0.2,0.4,,,
2020-03-20,Neutral,Objective,0,0,10,1,13
2020-03-23,Neutral,Objective,0,0,11,0,9
2020-03-24,Negative,Highly Subjective,-0.0625,0.25,4,0,1
2020-03-25, Slightly Positive,Slightly Subjective,0.1,0.566666667,17,4,20
2020-03-30, Slightly Positive,Slightly Subjective,0.25,0.85,,,
2020-03-31,Positive,Slightly Subjective,0.5,0.5,,,
2020-04-01,Negative,Slightly Subjective,-0.194444444,0.466666667,,,
2020-04-02,Neutral,Objective,0,0,,,
2020-04-03,Neutral,Objective,0,0,,,
2020-04-06, Slightly Positive,Highly Subjective,0.166666667,0.266666667,,,
2020-04-10,Neutral,Objective,0,0,,,
2020-04-13, Highly Negative,Slightly Subjective,-0.5,0.5,,,
2020-04-14,Neutral,Objective,0,0.1,,,
2020-04-15,Neutral,Objective,0,0,,,
2020-04-16,Neutral,Highly Subjective,0.079166667,0.395833333,,,
2020-04-17, Slightly Positive,Slightly Subjective,0.233333333,0.466666667,,,
2020-04-19,Neutral,Objective,0,0,,,
2020-04-20,Negative,Highly Subjective,-0.25,0.25,,,
2020-04-21,Negative,Highly Subjective,-0.15,0.2,,,
2020-04-22, Slightly Positive,Objective,0.125,0.166666667,,,
2020-04-23,Neutral,Objective,0,0,,,
2020-04-28, Highly Negative,Slightly Subjective,-0.5,0.5,12,5,30
2020-04-29,Neutral,Highly Subjective,0.084848485,0.260606061,32,24,67
2020-04-30,Neutral,Highly Subjective,0,0.3625,,,
2020-05-01, Slightly Positive,Highly Subjective,0.221590909,0.394886364,,,
2020-05-03,Neutral,Objective,0,0,,,
2020-05-07,Neutral,Objective,0,0,,,
2020-05-09,Neutral,Highly Subjective,0,0.3,,,
2020-05-12,Neutral,Objective,0,0,,,
2020-05-14,Negative,Slightly Subjective,-0.2,0.4,,,
2020-05-16,Neutral,Highly Subjective,0,0.25,,,
2020-05-20,Neutral,Objective,0,0,,,
2020-05-21,Neutral,Objective,0,0,,,
2020-05-24,Neutral,Objective,0,0.066666667,,,
2020-05-25,Neutral,Objective,0,0,,,
2020-05-28,Neutral,Objective,0,0,15,2,3
2020-05-29, Slightly Positive,Slightly Subjective,0.283549784,0.461038961,71,16,7
2020-05-30, Slightly Positive,Slightly Subjective,0.1,0.4,,,
2020-06-01,Neutral,Objective,0,0,,,
2020-06-02, Slightly Positive,Slightly Subjective,0.1875,0.666666667,,,
2020-06-03,Neutral,Objective,0,0,,,
2020-06-04,Neutral,Objective,0,0,,,
2020-06-05,Neutral,Objective,0,0,,,
2020-06-08,Neutral,Objective,0,0,,,
2020-06-10,Neutral,Highly Subjective,0.08,0.27,,,
2020-06-11,Neutral,Objective,0,0,,,
2020-06-12,Neutral,Objective,0,0,,,
2020-06-14, Highly Positive,Slightly Subjective,0.825,0.875,,,
2020-06-16,Neutral,Objective,0,0,,,
2020-06-17,Neutral,Slightly Subjective,0,0.5,,,
2020-06-19,Neutral,Objective,0,0,,,
2020-06-22, Slightly Positive,Highly Subjective,0.25,0.333333333,,,
2020-06-23,Neutral,Slightly Subjective,0.05,0.5,,,
2020-06-25, Slightly Positive,Slightly Subjective,0.3,0.5,21,6,36
2020-06-28,Neutral,Objective,0,0,2,0,1
2020-06-30,Neutral,Objective,0,0,,,
2020-07-01,Negative,Objective,-0.166666667,0.066666667,,,
2020-07-02,Neutral,Objective,0,0,,,
2020-07-03,Neutral,Objective,0,0,,,
2020-07-05,Neutral,Objective,0,0,,,
2020-07-06,Neutral,Highly Subjective,0.042857143,0.366666667,,,
2020-07-07, Slightly Positive,Slightly Subjective,0.2,0.4,,,
2020-07-09,Neutral,Highly Subjective,0.091666667,0.2625,,,
2020-07-10,Negative,Highly Subjective,-0.006704545,0.299318182,,,
2020-07-12,Neutral,Objective,0,0,,,
2020-07-13,Negative,Slightly Subjective,-0.1,0.4,,,
2020-07-14,Negative,Slightly Subjective,-0.1875,0.5,,,
2020-07-15,Neutral,Highly Subjective,0.090909091,0.25,,,
2020-07-16,Negative,Slightly Subjective,-0.05,0.8,,,
2020-07-17, Highly Negative,Slightly Subjective,-0.3,0.8,,,
2020-07-19,Neutral,Highly Subjective,0.08,0.27,,,
2020-07-20,Neutral,Objective,0,0,,,
2020-07-21, Slightly Positive,Slightly Subjective,0.375,0.416666667,,,
2020-07-23,Neutral,Objective,0,0,,,
2020-07-24,Neutral,Slightly Subjective,0,1,,,
2020-07-27, Slightly Positive,Highly Subjective,0.218181818,0.277272727,12,6,17
2020-07-28,Neutral,Objective,0,0,48,23,67
2020-07-29,Neutral,Highly Subjective,0,0.375,40,15,111
2020-08-01,Neutral,Objective,0,0,,,
2020-08-04,Neutral,Objective,0,0,,,
2020-08-09,Neutral,Objective,0,0,,,
2020-08-16, Slightly Positive,Highly Subjective,0.333333333,0.366666667,,,
2020-08-17,Neutral,Objective,0,0,,,
2020-08-18,Neutral,Highly Subjective,0.083333333,0.25,,,
2020-08-21, Slightly Positive,Slightly Subjective,0.1,0.4,,,
2020-08-25,Neutral,Objective,0,0,6,2,6
2020-08-26,Neutral,Objective,0,0,29,9,65
2020-08-27,Neutral,Objective,0,0,22,5,30
2020-08-28,Neutral,Objective,0,0,17,2,7
2020-09-04, Slightly Positive,Highly Subjective,0.166666667,0.266666667,,,
2020-09-07,Neutral,Objective,0,0,,,
2020-09-09, Slightly Positive,Slightly Subjective,0.25,0.45,,,
2020-09-10, Slightly Positive,Slightly Subjective,0.183333333,0.411111111,,,
2020-09-11, Slightly Positive,Highly Subjective,0.25,0.333333333,,,
2020-09-14,Neutral,Objective,0.016666667,0.15,,,
2020-09-15,Neutral,Objective,0,0,,,
2020-09-18,Neutral,Slightly Subjective,0.066666667,0.633333333,,,
2020-09-19,Neutral,Objective,0,0,,,
2020-09-21,Neutral,Objective,0,0,,,
2020-09-22,Neutral,Objective,0,0,,,
2020-09-23,Neutral,Objective,0,0,,,
2020-09-24,Neutral,Objective,0,0,,,
2020-09-26,Neutral,Objective,0,0,,,
2020-09-28,Neutral,Slightly Subjective,0.045454545,0.484848485,25,12,21
2020-10-01, Slightly Positive,Slightly Subjective,0.16,0.54,,,
2020-10-04,Neutral,Objective,0,0,,,
2020-10-05,Neutral,Highly Subjective,0.02,0.28,,,
2020-10-06, Slightly Positive,Highly Subjective,0.126666667,0.226666667,,,
2020-10-07, Slightly Positive,Slightly Subjective,0.121212121,0.424242424,,,
2020-10-08,Neutral,Highly Subjective,0.079636364,0.379454545,,,
2020-10-09,Neutral,Highly Subjective,0,0.3,,,
2020-10-10,Negative,Highly Subjective,-0.1,0.2,,,
2020-10-11,Neutral,Objective,0,0,,,
2020-10-12,Negative,Slightly Subjective,-0.0525,0.455,,,
2020-10-13,Neutral,Objective,0,0.033333333,,,
2020-10-14, Slightly Positive,Highly Subjective,0.15,0.29375,,,
2020-10-15,Neutral,Objective,0,0,,,
2020-10-16,Neutral,Objective,0,0,,,
2020-10-17,Neutral,Objective,0,0,,,
2020-10-18,Neutral,Objective,0,0,,,
2020-10-19, Slightly Positive,Slightly Subjective,0.136363636,0.454545455,,,
2020-10-21,Neutral,Slightly Subjective,0,0.4,,,
2020-10-22,Neutral,Objective,0,0,,,
2020-10-23, Slightly Positive,Slightly Subjective,0.13,0.47,,,
2020-10-25,Neutral,Objective,0,0,,,
2020-10-27,Neutral,Objective,0,0,19,1,29
2020-10-28, Slightly Positive,Objective,0.1,0,52,14,17
2020-10-29,Negative,Highly Subjective,-0.2,0.2,29,7,45
2020-11-02,Neutral,Slightly Subjective,0,1,,,
2020-11-04,Neutral,Objective,0,0.1,,,
2020-11-07, Slightly Positive,Slightly Subjective,0.1,0.4,,,
2020-11-09,Neutral,Objective,0,0,,,
2020-11-10, Slightly Positive,Slightly Subjective,0.1,0.5,,,
2020-11-12,Neutral,Objective,0,0,,,
2020-11-13,Neutral,Objective,0,0,,,
2020-11-15,Neutral,Objective,0,0,,,
2020-11-17,Neutral,Objective,0,0,,,
2020-11-19,Neutral,Objective,0,0,,,
2020-11-20,Neutral,Highly Subjective,0,0.3,10,5,116
2020-11-22,Neutral,Objective,0,0,7,0,13
2020-11-23,Neutral,Objective,0,0,18,5,84
2020-11-25, Slightly Positive,Slightly Subjective,0.1575,0.457777778,12,1,10
2020-11-26, Slightly Positive,Highly Subjective,0.25,0.277777778,12,2,8
2020-11-27,Neutral,Objective,0,0,11,1,42
2020-11-29,Negative,Slightly Subjective,-0.25,0.75,4,0,1
2020-11-30,Neutral,Objective,0,0,,,
2020-12-03,Neutral,Objective,0,0,,,
2020-12-07,Neutral,Objective,0,0.066666667,,,
2020-12-08,Neutral,Slightly Subjective,0,1,,,
2020-12-09,Neutral,Slightly Subjective,0,0.5,,,
2020-12-10,Neutral,Slightly Subjective,0.068181818,0.477272727,,,
2020-12-11,Positive,Slightly Subjective,0.5,0.5,,,
2020-12-13, Slightly Positive,Highly Subjective,0.25,0.25,,,
2020-12-14, Slightly Positive,Highly Subjective,0.218181818,0.327272727,,,
2020-12-15,Neutral,Objective,0,0,,,
2020-12-17,Neutral,Objective,0,0,,,
2020-12-18, Slightly Positive,Slightly Subjective,0.243232323,0.575959596,,,
2020-12-20,Neutral,Slightly Subjective,0,0.5,,,
2020-12-21, Highly Negative,Slightly Subjective,-0.3,0.4,,,
2020-12-24, Slightly Positive,Slightly Subjective,0.23,0.52,,,
2020-12-27, Slightly Positive,Objective,0.1,0.15,22,9,46
2020-12-28, Slightly Positive,Slightly Subjective,0.253333333,0.746666667,30,9,182
2020-12-29,Positive,Slightly Subjective,0.433333333,0.733333333,10,2,42
2020-12-30,Neutral,Objective,0,0,,,
2021-01-02, Highly Negative,Highly Subjective,-0.5,0.3,,,
2021-01-05, Slightly Positive,Slightly Subjective,0.22,0.66,,,
2021-01-06,Positive,Slightly Subjective,0.5,0.5,,,
2021-01-07, Slightly Positive,Slightly Subjective,0.136363636,0.454545455,,,
2021-01-08, Slightly Positive,Highly Subjective,0.113079777,0.322479901,,,
2021-01-09, Slightly Positive,Highly Subjective,0.145454545,0.259090909,,,
2021-01-10, Highly Positive,Slightly Subjective,0.666666667,0.433333333,,,
2021-01-11,Negative,Objective,-0.125,0.125,,,
2021-01-12,Negative,Objective,-0.14,0.133333333,,,
2021-01-13,Negative,Highly Subjective,-0.008333333,0.341666667,,,
2021-01-14, Slightly Positive,Slightly Subjective,0.16,0.54,,,
2021-01-15, Slightly Positive,Highly Subjective,0.166666667,0.333333333,,,
2021-01-17,Neutral,Objective,0,0,,,
2021-01-18,Neutral,Objective,0,0,,,
2021-01-20, Slightly Positive,Slightly Subjective,0.3,0.5,,,
2021-01-21,Positive,Slightly Subjective,0.5,0.5,,,
2021-01-24,Neutral,Objective,0,0,,,
2021-01-25,Negative,Slightly Subjective,-0.2,0.4,,,
2021-01-27,Negative,Highly Subjective,-0.133333333,0.233333333,24,1,15
2021-01-28,Neutral,Objective,0,0,14,5,115
2021-01-29,Negative,Highly Subjective,-0.15,0.25,24,9,65
2021-01-31,Neutral,Objective,0,0,,,
2021-02-05,Positive,Slightly Subjective,0.5,0.5,,,
2021-02-07, Slightly Positive,Slightly Subjective,0.25,0.433333333,,,
2021-02-08,Neutral,Objective,0,0,,,
2021-02-10,Neutral,Objective,0,0.1,,,
2021-02-11,Neutral,Objective,0,0,,,
2021-02-16,Neutral,Objective,0,0.066666667,,,
2021-02-17,Negative,Highly Subjective,-0.125,0.25,,,
2021-02-21,Positive,Slightly Subjective,0.5,0.5,,,
2021-02-22,Neutral,Objective,0,0,9,5,45
2021-02-23,Neutral,Objective,0,0,23,14,72
2021-02-28,Neutral,Objective,0,0,,,
2021-03-01,Neutral,Objective,0,0.1875,,,
2021-03-02,Neutral,Objective,0,0.1,,,
2021-03-03, Slightly Positive,Objective,0.3,0,,,
2021-03-04, Slightly Positive,Highly Subjective,0.3,0.25,,,
2021-03-06,Neutral,Highly Subjective,0.05,0.2,,,
2021-03-07,Positive,Slightly Subjective,0.4,0.8,,,
2021-03-08, Slightly Positive,Slightly Subjective,0.235353535,0.580808081,,,
2021-03-09,Neutral,Objective,0,0,,,
2021-03-10, Slightly Positive,Slightly Subjective,0.333333333,0.666666667,,,
2021-03-11,Neutral,Objective,0,0,,,
2021-03-12,Neutral,Objective,0,0,,,
2021-03-15,Neutral,Objective,0,0,,,
2021-03-18,Neutral,Objective,0,0,,,
2021-03-19,Neutral,Objective,0,0,,,
2021-03-22,Neutral,Highly Subjective,0,0.25,,,
2021-03-23, Slightly Positive,Slightly Subjective,0.3,0.9,,,
2021-03-24, Slightly Positive,Slightly Subjective,0.136363636,0.454545455,,,
2021-03-25,Neutral,Objective,0,0.125,,,
2021-03-26,Neutral,Objective,0,0,,,
2021-03-27,Neutral,Objective,0,0,6,0,0
2021-03-28, Slightly Positive,Slightly Subjective,0.318181818,0.477272727,17,5,6
2021-03-31,Negative,Slightly Subjective,-0.15,0.5,,,
2021-04-03,Neutral,Objective,0,0.066666667,,,
2021-04-04,Neutral,Objective,0,0.033333333,,,
2021-04-05,Neutral,Objective,0,0,,,
2021-04-06,Neutral,Objective,0,0,,,
2021-04-07,Neutral,Objective,0,0,,,
2021-04-09, Slightly Positive,Slightly Subjective,0.3,0.566666667,,,
2021-04-10,Neutral,Objective,0,0,,,
2021-04-11,Neutral,Objective,0,0,,,
2021-04-12,Neutral,Slightly Subjective,0.05,0.4,,,
2021-04-13,Negative,Highly Subjective,-0.0625,0.258333333,,,
2021-04-14,Neutral,Objective,0,0,,,
2021-04-15,Neutral,Objective,0,0,,,
2021-04-16, Slightly Positive,Highly Subjective,0.3,0.2,,,
2021-04-19,Neutral,Highly Subjective,0,0.25,8,3,12
2021-04-20, Slightly Positive,Slightly Subjective,0.136363636,0.454545455,9,0,81
2021-04-21,Negative,Objective,-0.05,0.1,3,0,1
2021-04-22,Neutral,Objective,0,0,3,0,2
2021-04-24, Slightly Positive,Slightly Subjective,0.16,0.54,6,0,2
2021-04-26,Neutral,Objective,0,0,7,0,3
2021-04-27,Neutral,Objective,0,0,10,3,73
2021-04-28,Neutral,Objective,0,0,7,1,5
2021-04-29,Neutral,Slightly Subjective,0.091666667,0.491666667,3,0,9
2021-04-30, Slightly Positive,Slightly Subjective,0.133333333,0.422222222,,,
2021-05-02,Neutral,Slightly Subjective,0.05,0.7,,,
2021-05-03,Neutral,Objective,0,0,,,
2021-05-04,Negative,Highly Subjective,-0.054545455,0.251515152,,,
2021-05-06,Neutral,Objective,0,0,,,
2021-05-07,Neutral,Objective,0,0.133333333,,,
2021-05-09,Neutral,Highly Subjective,0,0.283333333,,,
2021-05-10,Neutral,Objective,0,0,,,
2021-05-11,Negative,Objective,-0.066666667,0.1,,,
2021-05-12, Slightly Positive,Highly Subjective,0.25,0.25,,,
2021-05-13,Negative,Slightly Subjective,-0.066666667,0.6,,,
2021-05-14, Slightly Positive,Slightly Subjective,0.3,0.5,,,
2021-05-16,Neutral,Objective,0,0,,,
2021-05-17, Slightly Positive,Highly Subjective,0.118181818,0.227272727,,,
2021-05-18,Neutral,Objective,0,0,,,
2021-05-19, Slightly Positive,Slightly Subjective,0.2,0.4,,,
2021-05-20, Slightly Positive,Objective,0.125,0.166666667,,,
2021-05-21,Neutral,Objective,0,0,,,
2021-05-23,Neutral,Objective,0,0.1,,,
2021-05-24,Negative,Objective,-0.05,0.133333333,,,
2021-05-25,Negative,Slightly Subjective,-0.014166667,0.473333333,,,
2021-05-26, Slightly Positive,Slightly Subjective,0.136363636,0.454545455,,,
2021-05-27,Neutral,Slightly Subjective,0.05,0.5,26,3,96
2021-05-28, Slightly Positive,Objective,0.3,0.1,54,27,153
